<application>
  <component name="MaterialThemeConfig">
    <option name="isContrastMode" value="true" />
    <option name="isWizardShown" value="true" />
    <option name="pristineConfig" value="false" />
    <option name="tabsHeight" value="20" />
    <option name="accentColor" value="79cb60" />
    <option name="selectedTheme" value="GITHUB" />
    <option name="userId" value="-1d57f722:16f13bce745:-8000" />
    <option name="version" value="4.11.4" />
    <option name="tabHighlightPosition" value="Bottom" />
  </component>
</application>